id;mensaje;creado;modificado
1;deposit Berkshire;2023-02-09T04:05:08;2023-02-08T10:54:03
2;Palladium Interacciones;2023-02-08T09:13:59;2023-02-08T05:19:36
3;Asistente;2023-02-08T10:07:28;2023-02-08T09:50:50
4;Open-source;2023-02-08T18:07:45;2023-02-09T00:06:29
5;auxiliary Guapo;2023-02-08T23:05:47;2023-02-08T14:01:59
6;Buckinghamshire deposit;2023-02-08T17:25:33;2023-02-08T18:13:07
7;Mejorado definici√≥n Negro;2023-02-08T15:21:06;2023-02-09T01:50:37
8;Rojo;2023-02-09T00:03:07;2023-02-08T15:41:05
9;Negro 1080p;2023-02-09T04:01:10;2023-02-08T08:27:59
10;microchip;2023-02-08T16:02:40;2023-02-08T23:32:25
